Mean Absolute Error,Root Mean Squared Error,Relative Absolute Error,Relative Squared Error,Coefficient of Determination
0.851731642076602,1.88478546130234,0.257759991244802,0.208369547191119,0.791630452808881
