Mean Absolute Error,Root Mean Squared Error,Relative Absolute Error,Relative Squared Error,Coefficient of Determination
0.85862998191252,2.08091186467001,0.321038411880295,0.276683316869996,0.723316683130004
